city_id,city_name,country,latitude,longitude,weather_date,temp,humidity,cloudiness,wind_speed
3430443,Necochea,AR,-38.55,-58.74,11/09/20,            79,40,100,8.01
2077963,Albany,AU,-35.02,117.89,11/09/20,            48.2,93,75,23.04
2537881,Safi,MA,32.3,-9.24,11/09/20,            66.29,80,0,19.28
3388847,São Félix do Xingu,BR,-6.64,-51.99,11/09/20,            89.02,55,89,4.5
6167817,Torbay,CA,47.67,-52.73,11/09/20,            37.26,84,90,14.99
1688696,San Policarpo,PH,12.18,125.51,11/09/20,            79.56,85,100,5.66
2411397,Georgetown,SH,-7.93,-14.42,11/09/20,            74.08,77,3,17.76
2022773,Khandyga,RU,62.67,135.6,11/09/20,            -18.42,86,0,1.9
2206939,Bluff,NZ,-46.6,168.33,11/09/20,            48.99,86,2,4
6185377,Yellowknife,CA,62.46,-114.35,11/09/20,            25.5,79,75,7.7
2121385,Severo-Kuril'sk,RU,50.68,156.12,11/09/20,            37.81,80,100,23.87
4030556,Rikitea,PF,-23.12,-134.97,11/09/20,            73.98,76,57,16.33
4035715,Avarua,CK,-21.21,-159.78,11/09/20,            78.8,78,3,9.64
3440777,Rocha,UY,-34.48,-54.33,11/09/20,            67.37,65,100,11.5
240210,Birao,CF,10.28,22.79,11/09/20,            77.43,31,61,4.54
3520989,Puerto Madero,MX,14.72,-92.42,11/09/20,            86,70,40,11.41
3833367,Ushuaia,AR,-54.8,-68.3,11/09/20,            51.8,37,0,16.11
3372707,Ribeira Grande,PT,38.52,-28.7,11/09/20,            66.2,82,75,20.8
1490796,Strezhevoy,RU,60.73,77.59,11/09/20,            30.2,100,90,8.1
3894426,Coyhaique,CL,-45.58,-72.07,11/09/20,            71.6,33,0,6.93
5563397,Eureka,US,40.8,-124.16,11/09/20,            49.75,61,80,1.99
3374210,São Filipe,CV,14.9,-24.5,11/09/20,            81.18,72,100,5.35
3893629,Coquimbo,CL,-29.95,-71.34,11/09/20,            59,77,75,13.87
3652764,Puerto Ayora,EC,-0.74,-90.35,11/09/20,            73.87,69,40,13.87
5855927,Hilo,US,19.73,-155.09,11/09/20,            79.32,65,75,8.05
1507390,Dikson,RU,73.51,80.55,11/09/20,            6.15,95,100,9.48
2075265,Busselton,AU,-33.65,115.33,11/09/20,            46.38,98,42,20.18
4020109,Atuona,PF,-9.8,-139.03,11/09/20,            77.95,71,20,12.86
935215,Saint-Philippe,RE,-21.36,55.77,11/09/20,            66.27,73,20,12.75
3459094,Laguna,BR,-28.48,-48.78,11/09/20,            67.14,93,100,16.4
5848280,Kapaa,US,22.08,-159.32,11/09/20,            80.26,78,40,14.99
1817858,Babu,CN,24.42,111.52,11/09/20,            54.34,59,0,3.02
964420,Port Elizabeth,ZA,-33.92,25.57,11/09/20,            57.2,71,0,8.05
3369157,Cape Town,ZA,-33.93,18.42,11/09/20,            56.71,54,20,14.99
1015776,Bredasdorp,ZA,-34.53,20.04,11/09/20,            51.8,71,18,1.12
2303611,Esim,GH,4.87,-2.24,11/09/20,            78.76,86,69,7.34
3366880,Hermanus,ZA,-34.42,19.23,11/09/20,            54,78,65,7.38
2023324,Kadaya,RU,50.93,119.29,11/09/20,            10.38,97,69,1.54
2444995,Filingué,NE,14.35,3.32,11/09/20,            82.92,16,58,8.41
900056,Nyimba,ZM,-14.56,30.81,11/09/20,            85.66,24,34,6.87
546105,Nikolskoye,RU,59.7,30.79,11/09/20,            38.71,75,0,17.9
3421982,Maniitsoq,GL,65.42,-52.9,11/09/20,            20.17,84,97,16.78
3437443,Pozo Colorado,PY,-23.49,-58.8,11/09/20,            77.49,84,95,15.26
2071860,Esperance,AU,-33.87,121.9,11/09/20,            53.6,81,0,17.22
2021017,Kysyl-Syr,RU,63.9,122.76,11/09/20,            -3.57,88,100,13.24
3370903,Jamestown,SH,-15.94,-5.72,11/09/20,            62.89,90,100,22.5
364933,Umm Kaddadah,SD,13.6,26.69,11/09/20,            78.26,23,0,15.79
2025241,Churapcha,RU,62,132.43,11/09/20,            -21.06,86,0,3.6
3420768,Qasigiannguit,GL,68.82,-51.19,11/09/20,            15.8,72,75,5.82
5870133,Nome,US,64.5,-165.41,11/09/20,            32.7,86,90,20.8
6162949,Terrace,CA,54.52,-128.6,11/09/20,            32,82,90,8.05
3429594,Reconquista,AR,-29.15,-59.65,11/09/20,            80.33,61,49,7.65
2110227,Butaritari,KI,3.07,172.79,11/09/20,            82.4,73,100,11.77
3374346,Ponta do Sol,CV,17.2,-25.09,11/09/20,            78.8,74,75,23.04
2013279,Vostok,RU,46.49,135.88,11/09/20,            2.77,95,75,3.94
1730272,Araceli,PH,10.55,119.99,11/09/20,            82.96,76,62,2.98
5557293,Sitka,US,57.05,-135.33,11/09/20,            42.8,81,90,5.82
1804979,Juegang,CN,32.32,121.19,11/09/20,            55,70,0,0.81
2181625,Te Anau,NZ,-45.42,167.72,11/09/20,            48.81,77,55,0.94
613065,Martvili,GE,42.41,42.38,11/09/20,            42.8,93,0,4.7
2094342,Kavieng,PG,-2.57,150.8,11/09/20,            81.81,74,100,5.06
1006984,East London,ZA,-33.02,27.91,11/09/20,            61.34,81,100,9.37
2017155,Saskylakh,RU,71.92,114.08,11/09/20,            8.8,94,100,28.19
4493316,Statesville,US,35.78,-80.89,11/09/20,            73.74,60,90,6.93
6050066,La Ronge,CA,55.1,-105.28,11/09/20,            9.5,72,0,5.82
5563839,Fortuna,US,40.6,-124.16,11/09/20,            50.02,43,1,9.17
6170031,Tuktoyaktuk,CA,69.45,-133.04,11/09/20,            -2.2,84,90,13.87
2163355,Hobart,AU,-42.88,147.33,11/09/20,            52.72,76,0,6.93
3430863,Mar del Plata,AR,-38,-57.56,11/09/20,            73.4,53,75,10.29
1489853,Tazovsky,RU,67.47,78.7,11/09/20,            3.81,94,100,6.87
2022572,Khatanga,RU,71.97,102.5,11/09/20,            21.76,98,95,12.12
1637001,Biak,ID,-0.91,122.88,11/09/20,            76.68,72,100,2.08
3896218,Castro,CL,-42.47,-73.77,11/09/20,            64.63,52,0,10.29
2126199,Cherskiy,RU,68.75,161.3,11/09/20,            1.72,93,97,5.59
4032243,Vaini,TO,-21.2,-175.2,11/09/20,            77,78,20,6.93
2963295,Killybegs,IE,54.63,-8.45,11/09/20,            54.86,87,0,12.75
1494091,Promyshlennaya,RU,54.92,85.64,11/09/20,            38.17,69,40,17.9
3445026,Vila Velha,BR,-20.33,-40.29,11/09/20,            80.29,74,20,17.22
978895,Margate,ZA,-30.86,30.37,11/09/20,            66.02,84,100,14.94
5742974,North Bend,US,43.41,-124.22,11/09/20,            46.26,70,75,10.29
2964782,Dingle,IE,52.14,-10.27,11/09/20,            51.8,100,90,3.36
4036284,Alofi,NU,-19.06,-169.92,11/09/20,            77,78,40,10.29
3355672,Lüderitz,NA,-26.65,15.16,11/09/20,            60.44,55,0,30.04
3874787,Punta Arenas,CL,-53.15,-70.92,11/09/20,            51.8,71,75,12.75
4132093,Springdale,US,36.19,-94.13,11/09/20,            74.71,60,75,14.99
2136825,Isangel,VU,-19.55,169.27,11/09/20,            75.67,79,100,15.61
2346995,Biu,NG,10.61,12.19,11/09/20,            74.71,34,27,7.09
2063036,Port Lincoln,AU,-34.73,135.87,11/09/20,            73.22,39,54,18.14
1082243,Ambilobe,MG,-13.2,49.05,11/09/20,            74.59,72,84,6.33
4034551,Faanui,PF,-16.48,-151.75,11/09/20,            78.33,81,100,15.14
5367788,Lompoc,US,34.64,-120.46,11/09/20,            57.47,33,1,13.87
1510689,Baykit,RU,61.67,96.37,11/09/20,            30.13,95,100,8.77
2025256,Chumikan,RU,54.72,135.31,11/09/20,            2.16,91,0,19.71
6089245,Norman Wells,CA,65.28,-126.83,11/09/20,            23,85,90,16.11
2074865,Carnarvon,AU,-24.87,113.63,11/09/20,            66.2,55,10,14.99
1152432,Lang Suan,TH,9.95,99.08,11/09/20,            75.87,87,100,7.4
3421765,Nanortalik,GL,60.14,-45.24,11/09/20,            27.52,95,100,12.68
1180454,Darya Khan,PK,31.79,71.1,11/09/20,            66.72,25,41,7.07
470905,Vuktyl,RU,63.86,57.31,11/09/20,            24.46,98,97,5.39
2128975,Nemuro,JP,43.32,145.57,11/09/20,            37.08,79,95,8.77
2026861,Berdigestyakh,RU,62.1,126.7,11/09/20,            -10.07,89,16,7.05
3471451,Arraial do Cabo,BR,-22.97,-42.03,11/09/20,            79.57,83,75,11.41
1106643,Quatre Cocos,MU,-20.21,57.76,11/09/20,            73.18,73,40,10.29
2016733,Shestakovo,RU,56.49,103.96,11/09/20,            33.84,91,100,3.69
964090,Prieska,ZA,-29.66,22.75,11/09/20,            70.2,32,76,17.22
2075720,Broome,AU,-17.97,122.23,11/09/20,            82.4,65,0,9.17
3521972,Panabá,MX,21.28,-88.27,11/09/20,            81.39,78,16,15.39
335035,Harar,ET,9.31,42.13,11/09/20,            58.73,65,0,3
2232239,Edéa,CM,3.8,10.13,11/09/20,            74.66,95,55,2.86
5866063,Kenai,US,60.55,-151.26,11/09/20,            26.33,85,1,3.51
64814,Bandarbeyla,SO,9.49,50.81,11/09/20,            77.07,84,34,16.75
2092164,Lorengau,PG,-2.02,147.27,11/09/20,            80.73,77,67,1.21
525426,Sobolevo,RU,54.43,31.9,11/09/20,            33.24,92,0,8.55
100926,Umluj,SA,25.02,37.27,11/09/20,            77.4,59,0,9.4
3670719,Riosucio,CO,5.42,-75.7,11/09/20,            73.4,78,75,2.24
2454955,Kolokani,ML,13.57,-8.03,11/09/20,            79.47,17,0,6.96
2219235,Ubari,LY,26.59,12.78,11/09/20,            57.83,56,43,0.63
3887127,Iquique,CL,-20.22,-70.14,11/09/20,            69.8,56,20,12.75
3353540,Rehoboth,NA,-23.32,17.08,11/09/20,            70.07,24,4,12.08
3182634,Avigliana,IT,45.08,7.4,11/09/20,            51.26,73,43,1.01
1806408,Yangjiang,CN,21.85,111.97,11/09/20,            67.42,44,100,9.98
6165406,Thompson,CA,55.74,-97.86,11/09/20,            17.6,85,75,12.75
2101169,Aitape,PG,-3.14,142.35,11/09/20,            78.15,82,92,3.89
3395458,Maragogi,BR,-9.01,-35.22,11/09/20,            77.74,83,12,11.18
5880054,Barrow,US,71.29,-156.79,11/09/20,            8.6,78,75,10.29
934322,Mahébourg,MU,-20.41,57.7,11/09/20,            73.4,73,40,10.29
3466165,Cidreira,BR,-30.18,-50.21,11/09/20,            66.83,91,100,17.52
3470324,Batatais,BR,-20.89,-47.59,11/09/20,            93.2,28,40,9.17
3374336,Porto Novo,CV,17.02,-25.06,11/09/20,            78.8,74,75,23.04
1506938,Erzin,RU,50.26,95.16,11/09/20,            25.29,89,55,0.6
3141667,Roald,NO,62.58,6.13,11/09/20,            45.37,87,0,4.7
964432,Port Alfred,ZA,-33.59,26.89,11/09/20,            61.54,60,100,7.02
3533462,Acapulco de Juárez,MX,16.86,-99.89,11/09/20,            86,66,20,10.29
4686163,Dickinson,US,29.46,-95.05,11/09/20,            79.32,69,75,12.75
2111884,Miyako,JP,39.64,141.95,11/09/20,            36.19,79,1,6.82
6355222,Yulara,AU,-25.24,130.99,11/09/20,            77,33,88,8.81
3573061,Saint George,BM,32.38,-64.68,11/09/20,            75.13,69,75,9.17
577206,Berezniki,RU,59.42,56.81,11/09/20,            30.99,100,100,4.88
3386213,Touros,BR,-5.2,-35.46,11/09/20,            75.2,94,75,6.93
3924679,Vilhena,BR,-12.74,-60.15,11/09/20,            82.4,61,0,8.05
5924351,Clyde River,CA,70.47,-68.59,11/09/20,            -2.2,70,1,13.87
1529484,Kumul,CN,42.8,93.45,11/09/20,            40.75,56,79,10.63
2017377,Rudnyy,RU,44.28,134.96,11/09/20,            15.64,83,7,12.62
1494482,Polunochnoye,RU,60.87,60.42,11/09/20,            26.55,93,100,5.82
3351024,Caluquembe,AO,-13.78,14.68,11/09/20,            67.28,75,0,7.2
3522880,Mundo Nuevo (Ojo de Agua),MX,18.7,-95.5,11/09/20,            78.15,74,53,6.13
2127910,Takanosu,JP,40.22,140.37,11/09/20,            34.61,88,85,6.13
2090021,Namatanai,PG,-3.67,152.43,11/09/20,            80.69,77,100,2.84
306112,Kozan,TR,37.46,35.82,11/09/20,            61.92,67,0,5.82
2167426,Emerald,AU,-23.53,148.17,11/09/20,            60.46,93,48,6.93
5017822,Bemidji,US,47.47,-94.88,11/09/20,            27.21,92,90,11.41
64435,Berbera,SO,10.44,45.01,11/09/20,            80.49,76,0,5.79
1529102,Ürümqi,CN,43.8,87.6,11/09/20,            41,48,0,2.64
2269142,Colares,PT,38.8,-9.45,11/09/20,            60.51,87,20,2.24
2161515,Kiama,AU,-34.68,150.87,11/09/20,            53.4,89,1,5.73
3385077,Conde,BR,-7.26,-34.91,11/09/20,            82.4,74,75,13.87
2055868,Yantal',RU,56.85,105.25,11/09/20,            33.78,91,100,4.45
1520253,Zharkent,KZ,44.16,80,11/09/20,            37.44,77,0,6.38
3374333,Praia,CV,14.92,-23.51,11/09/20,            80.6,65,0,18.34
2016942,Seryshevo,RU,51.09,128.38,11/09/20,            5.97,91,0,0.69
3870243,Taltal,CL,-25.4,-70.48,11/09/20,            64.96,57,27,6.46
2134814,Sola,VU,-13.88,167.55,11/09/20,            81.81,78,99,9.8
2112802,Hasaki,JP,35.73,140.83,11/09/20,            43.29,81,75,4.7
3423146,Ilulissat,GL,69.22,-51.1,11/09/20,            15.8,72,75,5.82
3146487,Raudeberg,NO,61.99,5.14,11/09/20,            48.99,82,100,7.38
964406,Port Shepstone,ZA,-30.74,30.45,11/09/20,            66.09,86,100,18.75
1282256,Hithadhoo,MV,-0.6,73.08,11/09/20,            83.41,74,100,11.79
2155415,New Norfolk,AU,-42.78,147.06,11/09/20,            52.5,68,100,3.27
1707316,Lapi,PH,17.72,121.9,11/09/20,            74.34,87,90,1.95
1630789,Pontianak,ID,-0.03,109.33,11/09/20,            74.28,96,95,1.86
3909234,Oruro,BO,-17.98,-67.15,11/09/20,            64.85,27,94,10.45
2447513,Arlit,NE,18.74,7.39,11/09/20,            75.97,20,0,17.63
1490085,Tarko-Sale,RU,64.92,77.78,11/09/20,            12.42,96,98,4.68
2246901,Oussouye,SN,12.48,-16.55,11/09/20,            85.08,79,0,4.7
6255012,Flinders,AU,-34.58,150.86,11/09/20,            54.52,85,0,1.01
2630299,Hofn,IS,64.25,-15.21,11/09/20,            48.2,100,90,12.75
6145668,Shediac,CA,46.22,-64.54,11/09/20,            60.42,63,20,12.75
5850554,Makakilo City,US,21.35,-158.09,11/09/20,            80.22,65,40,5.82
241131,Victoria,SC,-4.62,55.45,11/09/20,            80.6,83,40,8.05
2122104,Petropavlovsk-Kamchatskiy,RU,53.05,158.65,11/09/20,            21.2,67,100,8.95
1816751,Beidao,CN,34.57,105.89,11/09/20,            51.04,76,64,1.86
3939761,Hualmay,PE,-11.1,-77.61,11/09/20,            68.59,66,89,10.25
602913,Skellefteå,SE,64.75,20.95,11/09/20,            32.68,74,5,5.82
2091996,Madang,PG,-5.22,145.8,11/09/20,            75.79,89,42,4.94
2191562,Dunedin,NZ,-45.87,170.5,11/09/20,            52.65,69,6,5.19
2110560,Yamada,JP,39.47,141.95,11/09/20,            35.8,80,2,5.97
3374083,Bathsheba,BB,13.22,-59.52,11/09/20,            75.2,83,40,20.8
4026082,Lázaro Cárdenas,MX,17.96,-102.2,11/09/20,            83.14,70,6,7.7
986717,Kruisfontein,ZA,-34,24.73,11/09/20,            54,82,0,7.16
4405434,Republic,US,37.12,-93.48,11/09/20,            72.36,68,75,14.99
3424607,Tasiilaq,GL,65.61,-37.64,11/09/20,            31.37,97,100,37.4
3580279,Gouyave,GD,12.16,-61.73,11/09/20,            84.2,79,40,26.4
1628884,Sampit,ID,-2.53,112.95,11/09/20,            72.84,95,9,0.11
4031742,Egvekinot,RU,66.32,-179.17,11/09/20,            22.3,97,100,17.9
6620339,Karratha,AU,-20.74,116.85,11/09/20,            65.71,68,0,10
1106677,Bambous Virieux,MU,-20.34,57.76,11/09/20,            73.22,73,40,10.29
3165828,Tempio Pausania,IT,40.9,9.1,11/09/20,            57.2,93,100,1.12
2178753,Kirakira,SB,-10.45,161.92,11/09/20,            82.11,81,44,5.93
2304548,Anloga,GH,5.79,0.9,11/09/20,            82.4,78,20,8.05
3985168,San Patricio,MX,19.22,-104.7,11/09/20,            84.2,74,20,11.41
545728,Komsomol'skiy,RU,43.98,46.7,11/09/20,            47.34,81,0,5.26
1215502,Banda Aceh,ID,5.56,95.32,11/09/20,            78.46,80,61,3.98
3664980,Boa Vista,BR,2.82,-60.67,11/09/20,            93.2,46,75,6.93
5282297,Bethel,US,41.37,-73.41,11/09/20,            73.8,27,1,6.93
1265830,Rairangpur,IN,22.27,86.18,11/09/20,            61.84,63,0,2.15
2015306,Tiksi,RU,71.69,128.87,11/09/20,            -9.33,86,0,5.44
1263780,Manjeshwar,IN,12.72,74.89,11/09/20,            78.8,88,20,3.36
2119283,Zyryanka,RU,65.75,150.85,11/09/20,            -9.35,90,100,6.31
6104841,Pincher Creek,CA,49.48,-113.95,11/09/20,            25.79,68,8,33.33
2015852,Svetlaya,RU,46.54,138.33,11/09/20,            18.72,82,2,9.91
3670745,Riohacha,CO,11.54,-72.91,11/09/20,            83.34,74,12,9.84
3397763,Jacareacanga,BR,-6.22,-57.75,11/09/20,            86,79,20,4.7
1510842,Barsovo,RU,61.17,73.17,11/09/20,            28.4,100,90,6.71
5859699,College,US,64.86,-147.8,11/09/20,            22.98,79,90,10.29
545782,Kommunarka,RU,55.57,37.49,11/09/20,            34.16,86,90,13.42
4031574,Provideniya,RU,64.38,-173.3,11/09/20,            33.8,100,90,17.9
2121025,Srednekolymsk,RU,67.45,153.68,11/09/20,            -8.63,91,100,6.51
2377450,Nouakchott,MR,18.09,-15.98,11/09/20,            86,37,0,10.29
5847411,Kahului,US,20.89,-156.47,11/09/20,            78.85,54,40,3.36
1958659,Malim,PH,7.45,123.43,11/09/20,            79.48,81,61,1.48
1855342,Nishihara,JP,26.18,127.76,11/09/20,            67.98,55,75,6.93
2446796,Bilma,NE,18.69,12.92,11/09/20,            71.78,29,0,8.48
3831208,Qaanaaq,GL,77.48,-69.36,11/09/20,            -6.52,69,0,7
1259385,Port Blair,IN,11.67,92.75,11/09/20,            80.65,83,34,13.15
2152667,Portland,AU,-38.33,141.6,11/09/20,            68.95,42,0,14.14
3416888,Grindavik,IS,63.84,-22.43,11/09/20,            46.4,93,90,23.04
2057087,Kupang,ID,-10.17,123.58,11/09/20,            79.97,77,100,6.67
3671437,Caucayá,CO,-0.19,-74.78,11/09/20,            91.49,47,34,6.62
1486321,Yar-Sale,RU,66.83,70.83,11/09/20,            5.74,94,100,7.07
3458498,Linhares,BR,-19.39,-40.07,11/09/20,            79.54,74,13,9.04
3870282,Talcahuano,CL,-36.72,-73.12,11/09/20,            66.2,63,0,16.11
6779095,Nara,ML,15.17,-7.29,11/09/20,            83.5,14,0,9.01
2016412,Smidovich,RU,48.6,133.82,11/09/20,            15.28,81,0,6.6
2122090,Pevek,RU,69.7,170.31,11/09/20,            17.8,93,96,7.27
2208248,Kaitangata,NZ,-46.28,169.85,11/09/20,            51.01,71,6,1.01
2015217,Tokur,RU,53.13,132.9,11/09/20,            -1.73,93,86,1.74
610611,Aktobe,KZ,50.28,57.21,11/09/20,            26.6,86,0,6.71
107304,Buraidah,SA,26.33,43.98,11/09/20,            68,82,75,19.46
3883457,Lebu,CL,-37.62,-73.65,11/09/20,            56.86,77,0,21
3347019,Mossamedes,AO,-15.2,12.15,11/09/20,            72.19,74,3,3.65
1712961,Gigmoto,PH,13.78,124.39,11/09/20,            80.35,85,94,7.27
3832899,Viedma,AR,-40.81,-63,11/09/20,            75.45,53,79,15.66
3382160,Cayenne,GF,4.93,-52.33,11/09/20,            87.8,62,75,12.75
4011743,Constitucion,MX,23.99,-104.67,11/09/20,            78.93,16,5,14.99
1139085,Jurm,AF,36.86,70.83,11/09/20,            42.96,54,96,2.57
3128174,Bermeo,ES,43.42,-2.72,11/09/20,            59.92,82,20,3.36
1242110,Kalmunai,LK,7.42,81.82,11/09/20,            78.19,84,20,8.55
3421193,Paamiut,GL,61.99,-49.67,11/09/20,            22.21,88,98,29.1
3921355,Challapata,BO,-18.9,-66.77,11/09/20,            63.88,26,3,12.71
3451138,Rio Grande,BR,-32.03,-52.1,11/09/20,            66.2,93,90,13.87
1695546,Pandan,PH,14.05,124.17,11/09/20,            80.6,86,96,10.16
2021031,Kyren,RU,51.68,102.14,11/09/20,            32.31,82,2,0.96
3382226,Camopi,GF,3.17,-52.32,11/09/20,            86.14,58,37,5.93
2978758,Saint-Lô,FR,49.12,-1.09,11/09/20,            53.02,93,75,5.82
5345609,El Centro,US,32.79,-115.56,11/09/20,            63.57,29,1,5.82
650769,Kristinestad,FI,62.27,21.38,11/09/20,            41.07,72,100,1.36
3985710,Cabo San Lucas,MX,22.89,-109.91,11/09/20,            79.95,53,5,20.8
3673690,Nuquí,CO,5.71,-77.27,11/09/20,            77.27,85,100,6.87
212730,Kisangani,CD,0.52,25.2,11/09/20,            72.01,97,100,1.83
3372760,Praia da Vitória,PT,38.73,-27.07,11/09/20,            66.11,68,40,23.31
2617538,Liseleje,DK,56.01,11.95,11/09/20,            48,100,51,1.01
779554,Honningsvåg,NO,70.98,25.97,11/09/20,            37.4,59,75,19.46
3984997,San Quintín,MX,30.48,-115.95,11/09/20,            62.55,49,91,13.56
286621,Salalah,OM,17.02,54.09,11/09/20,            78.8,54,0,4.7
2126123,Chokurdakh,RU,70.63,147.92,11/09/20,            -17.9,90,57,2.77
2472431,Ben Gardane,TN,33.14,11.22,11/09/20,            67.62,70,2,6.13
777019,Vardø,NO,70.37,31.11,11/09/20,            35.6,80,75,32.21
1045114,Inhambane,MZ,-23.86,35.38,11/09/20,            78.39,94,0,5.82
625721,Lyuban',BY,52.8,28,11/09/20,            35.98,87,0,4.85
2654970,Brae,GB,60.4,-1.35,11/09/20,            51.8,93,90,11.41
3441665,Minas,UY,-34.38,-55.24,11/09/20,            67.23,64,75,14.99
3418910,Upernavik,GL,72.79,-56.15,11/09/20,            -0.56,81,54,7.74
1175712,Jiwani,PK,25.05,61.74,11/09/20,            77.56,84,0,5.3
934479,Grand Gaube,MU,-20.01,57.66,11/09/20,            73,74,27,5.99
6144312,Sept-Îles,CA,50.2,-66.38,11/09/20,            34.83,93,75,4.7
2109701,Auki,SB,-8.77,160.7,11/09/20,            80.31,78,0,1.61
5969025,Haines Junction,CA,60.75,-137.51,11/09/20,            30.2,63,100,12.75
3839307,Rawson,AR,-43.3,-65.1,11/09/20,            74.61,46,96,12.48
1630639,Pringsewu,ID,-5.36,104.97,11/09/20,            73.36,92,100,2.55
3868158,Villarrica,CL,-39.29,-72.23,11/09/20,            68,68,20,10.29
1709653,Kalawit,PH,8.07,122.52,11/09/20,            77.25,86,82,3.6
3838859,Río Gallegos,AR,-51.62,-69.22,11/09/20,            53.6,62,40,8.05
3899695,Ancud,CL,-41.87,-73.82,11/09/20,            64.45,52,0,10.29
2449893,Tessalit,ML,20.2,1.01,11/09/20,            74.66,20,0,11.92
1651531,Ambon City,ID,-3.7,128.18,11/09/20,            78.01,15,100,5.17
1489048,Tuim,RU,54.34,89.93,11/09/20,            30.58,93,89,8.34
778707,Mehamn,NO,71.04,27.85,11/09/20,            37.4,59,75,19.46
1798760,Pingliang,CN,35.54,106.69,11/09/20,            42.13,70,0,1.83
3412093,Vestmannaeyjar,IS,63.44,-20.27,11/09/20,            47.64,89,100,26.06
3855065,General Roca,AR,-39.03,-67.58,11/09/20,            80.6,36,40,12.75
1164306,Surab,PK,28.49,66.26,11/09/20,            51.53,31,0,7.27
2070998,Geraldton,AU,-28.77,114.6,11/09/20,            59,67,40,6.93
5253498,Fort Atkinson,US,42.93,-88.84,11/09/20,            73.67,63,98,8.99
2510821,Soller,ES,39.77,2.72,11/09/20,            60.94,87,0,3.36
3868633,Vallenar,CL,-28.57,-70.76,11/09/20,            81.73,29,67,10.31
4031637,Lavrentiya,RU,65.58,-171,11/09/20,            31.89,98,100,36.08
370481,Merowe,SD,18.48,31.82,11/09/20,            72.59,22,0,11.16
3646767,Caraballeda,VE,10.61,-66.85,11/09/20,            82.85,70,75,6.93
2452655,Niono,ML,14.25,-5.99,11/09/20,            81.68,15,0,6.49
2018069,Peleduy,RU,59.63,112.74,11/09/20,            31.06,96,100,6.96
3115824,Muros,ES,42.78,-9.06,11/09/20,            55.99,92,2,1.99
2525362,Carbonia,IT,39.17,8.52,11/09/20,            64.6,88,40,4.7
565289,Donskoye,RU,45.46,41.97,11/09/20,            47.21,91,86,4.47
964712,Plettenberg Bay,ZA,-34.05,23.37,11/09/20,            55.13,76,7,4.74
2032201,Bulgan,MN,48.81,103.53,11/09/20,            31.53,83,0,3.89
3461425,Ilhabela,BR,-23.78,-45.36,11/09/20,            72.79,89,100,9.91
3448903,São João da Barra,BR,-21.64,-41.05,11/09/20,            84.2,70,20,13.87
4924006,Muncie,US,40.19,-85.39,11/09/20,            77.72,42,40,11.41
5380437,Pacific Grove,US,36.62,-121.92,11/09/20,            55.35,28,1,3.36
3674740,Miraflores,CO,1.34,-71.95,11/09/20,            80.31,91,100,3.04
4791259,Virginia Beach,US,36.85,-75.98,11/09/20,            71.73,49,20,8.05
1737486,Bintulu,MY,3.17,113.03,11/09/20,            75.09,94,40,3.36
2447416,Ayorou,NE,14.73,0.92,11/09/20,            83.05,15,0,8.93
1859964,Kaseda-shirakame,JP,31.42,130.32,11/09/20,            53.71,56,0,12.21
543605,Kotovsk,RU,52.59,41.51,11/09/20,            33.4,89,85,9.8
2093846,Kiunga,PG,-6.12,141.29,11/09/20,            73.22,98,100,0.96
3353383,Rundu,NA,-17.93,19.77,11/09/20,            82.74,31,37,9.66
4820938,Saint Albans,US,38.39,-81.84,11/09/20,            79.68,37,0,1.99
780687,Berlevåg,NO,70.86,29.09,11/09/20,            35.53,80,75,31.09
3443061,Chui,UY,-33.7,-53.46,11/09/20,            66.78,69,99,12.28
5503766,Enterprise,US,36.03,-115.24,11/09/20,            52.29,32,20,8.05
1787901,Xunchang,CN,28.45,104.72,11/09/20,            61,80,1,1.32
3444176,Roboré,BO,-18.33,-59.75,11/09/20,            95,44,75,17.22
359783,Assiut,EG,27.18,31.18,11/09/20,            69.8,46,0,9.17
1259395,Porbandar,IN,21.64,69.61,11/09/20,            77.81,44,0,10.96
3421719,Narsaq,GL,60.92,-46.05,11/09/20,            24.8,85,75,2.24
478996,Uni,RU,57.75,51.49,11/09/20,            29.8,98,100,13.15
3374036,Bridgetown,BB,13.1,-59.62,11/09/20,            75.2,83,40,20.8
522353,Neya,RU,58.3,43.87,11/09/20,            30.87,98,97,8.48
2123979,Kuril'sk,RU,45.23,147.88,11/09/20,            34.45,84,75,13.47
3946820,Barranca,PE,-10.75,-77.77,11/09/20,            67.21,69,70,10.58
473263,Vizinga,RU,61.07,50.1,11/09/20,            29.98,98,100,7.02
2144528,Warrnambool,AU,-38.38,142.48,11/09/20,            64.99,63,0,5.99
2315026,Kasongo-Lunda,CD,-6.47,16.82,11/09/20,            72.09,93,100,1.72
576745,Bershet',RU,57.73,56.38,11/09/20,            32,98,75,13.42
3460087,Jardim,BR,-21.48,-56.14,11/09/20,            81.23,61,83,6.4
3694112,Paita,PE,-5.09,-81.11,11/09/20,            75.2,69,0,13.87
2016680,Shirokiy,RU,49.76,129.52,11/09/20,            7.75,93,0,3.83
1214488,Meulaboh,ID,4.14,96.13,11/09/20,            76.77,88,93,3
2392505,Nikki,BJ,9.94,3.21,11/09/20,            77.23,37,79,3.53
3347353,Menongue,AO,-14.66,17.69,11/09/20,            71.22,48,60,4.5
4946620,Palmer,US,42.16,-72.33,11/09/20,            71.69,33,20,3.36
1733502,Ranau,MY,5.95,116.66,11/09/20,            78.53,88,20,3.36
4972220,Millinocket,US,45.66,-68.71,11/09/20,            69.8,46,1,5.82
2647984,Great Yarmouth,GB,52.61,1.73,11/09/20,            54.34,97,100,1.01
2077895,Alice Springs,AU,-23.7,133.88,11/09/20,            82.4,14,0,5.82
5903535,Blairmore,CA,49.6,-114.44,11/09/20,            25.23,68,18,33.33
3651949,San Cristobal,EC,-0.9,-89.62,11/09/20,            75.2,69,20,6.93
1337619,Ugoofaaru,MV,5.67,73,11/09/20,            83.62,75,43,10.47
608872,Makat,KZ,47.65,53.35,11/09/20,            38.35,70,0,5.41
1024552,Xai-Xai,MZ,-25.05,33.64,11/09/20,            76.91,83,77,16.64
6138802,Saint-Michel-des-Saints,CA,46.68,-73.92,11/09/20,            62.01,70,97,7.25
2016307,Solnechnyy,RU,50.72,136.63,11/09/20,            9.36,88,49,2.21
1806687,Yong’an,CN,39.7,113.69,11/09/20,            36.36,64,73,1.81
5354943,Half Moon Bay,US,37.46,-122.43,11/09/20,            55.26,35,1,8.05
2028164,Deputatsky,RU,69.3,139.9,11/09/20,            -18.24,89,2,2.35
2112309,Katsuura,JP,35.13,140.3,11/09/20,            53.4,54,75,10.29
1862505,Hirara,JP,24.8,125.28,11/09/20,            72.05,76,100,25.68
3192224,Pula,HR,44.87,13.85,11/09/20,            44.6,93,0,1.12
1267390,Kavaratti,IN,10.57,72.64,11/09/20,            83.03,79,82,10.13
3687238,Cartagena,CO,10.4,-75.51,11/09/20,            86,70,40,5.82
2123814,Leningradskiy,RU,69.38,178.42,11/09/20,            18.1,93,100,4.9
1722307,Busdi,PH,8.28,125.25,11/09/20,            68.63,89,70,2.77
2082539,Merauke,ID,-8.47,140.33,11/09/20,            79.14,81,97,12.15
2158767,Mareeba,AU,-17,145.43,11/09/20,            71.42,78,75,10.29
3842670,Olavarría,AR,-36.89,-60.32,11/09/20,            72,63,100,7
4032369,Pangai,TO,-19.8,-174.35,11/09/20,            75.2,88,75,6.93
3932145,Pisco,PE,-13.7,-76.22,11/09/20,            66.54,77,20,11.41
1488903,Turukhansk,RU,65.82,87.98,11/09/20,            19.65,98,100,8.19
1649150,Bengkulu,ID,-3.8,102.27,11/09/20,            75.92,81,92,2.21
967106,Oudtshoorn,ZA,-33.59,22.2,11/09/20,            53.6,87,15,1.12
1244926,Hambantota,LK,6.12,81.12,11/09/20,            75.2,100,20,2.24
737021,Zonguldak,TR,41.25,31.83,11/09/20,            47.46,84,1,1.92
4004293,Ixtapa,MX,20.7,-105.2,11/09/20,            84.11,58,5,10.29
605155,Kiruna,SE,67.86,20.23,11/09/20,            30.2,63,18,10.29
3137469,Sørland,NO,67.67,12.69,11/09/20,            41,65,75,8.05
2754817,Harlingen,NL,53.17,5.42,11/09/20,            51.24,87,90,3.36
2942073,Büdingen,DE,50.3,9.12,11/09/20,            43.39,89,0,3.2
3933185,Pampas,PE,-12.4,-74.9,11/09/20,            64.99,37,72,10.16
2206900,Westport,NZ,-41.75,171.6,11/09/20,            54.72,57,28,4.43
317241,Demirci,TR,39.05,28.66,11/09/20,            48.69,59,0,6.31
2017215,Sangar,RU,63.92,127.47,11/09/20,            -14.1,85,33,11.54
3354071,Oranjemund,NA,-28.55,16.43,11/09/20,            59,66,0,27.11
101628,Tabuk,SA,28.38,36.58,11/09/20,            68,32,0,4.7
141665,Bandar-e Lengeh,IR,26.56,54.88,11/09/20,            76.59,59,2,3.53
2381334,Atar,MR,20.52,-13.05,11/09/20,            88.93,12,0,10.96
732285,Devin,BG,41.74,24.4,11/09/20,            50.74,71,90,1.12
3573197,Hamilton,BM,32.29,-64.78,11/09/20,            74.77,69,75,9.17
8010683,Porto Santo,PT,33.07,-16.34,11/09/20,            64.4,77,40,6.93
698438,Ordzhonikidze,UA,44.97,35.37,11/09/20,            52.57,83,31,8.77
6096551,Pangnirtung,CA,66.15,-65.71,11/09/20,            14,72,75,3.36
915471,Kalabo,ZM,-14.97,22.68,11/09/20,            79.02,41,51,5.55
3844421,Mendoza,AR,-32.89,-68.83,11/09/20,            84,27,61,11.68
2065594,Mount Isa,AU,-20.73,139.5,11/09/20,            71.6,49,0,11.16
779303,Kirkenes,NO,69.73,30.05,11/09/20,            32.72,87,75,26.4
2027042,Batagay-Alyta,RU,67.8,130.41,11/09/20,            -17.46,85,0,2.84
2156643,Mount Gambier,AU,-37.83,140.77,11/09/20,            68,42,0,10.29
3354876,Okakarara,NA,-20.58,17.43,11/09/20,            80.6,21,11,8.5
7647007,Bariloche,AR,-41.15,-71.31,11/09/20,            73.4,27,40,8.05
3393536,Olinda,BR,-8.01,-34.86,11/09/20,            84.2,70,40,13.87
2143285,Wodonga,AU,-36.12,146.88,11/09/20,            53.08,100,37,3.96
5861897,Fairbanks,US,64.84,-147.72,11/09/20,            23.2,79,90,10.29
2189343,Kaeo,NZ,-35.1,173.78,11/09/20,            57,95,19,4
1488074,Ust'-Tarka,RU,55.57,75.7,11/09/20,            31.66,95,4,12.95
2451778,San,ML,13.3,-4.9,11/09/20,            81.57,15,0,7.27
1278969,Along,IN,28.17,94.77,11/09/20,            55.71,57,0,1.9
2173911,Broken Hill,AU,-31.95,141.43,11/09/20,            73.4,38,0,10.29
2729907,Longyearbyen,SJ,78.22,15.64,11/09/20,            23,73,75,4.7
1173491,Kohat,PK,33.58,71.45,11/09/20,            60.8,55,40,4.7
5882953,Aklavik,CA,68.22,-135.01,11/09/20,            1.4,77,75,10.29
2172880,Byron Bay,AU,-28.65,153.62,11/09/20,            58.91,93,90,3.36
2194098,Ahipara,NZ,-35.17,173.17,11/09/20,            59.34,81,38,10.11
371745,Kutum,SD,14.2,24.67,11/09/20,            69.87,30,41,8.05
2021093,Kuytun,RU,54.34,101.5,11/09/20,            34.32,92,100,8.28
1497337,Kayerkan,RU,69.35,87.76,11/09/20,            12.2,92,40,8.95
1633419,Padang,ID,-0.95,100.35,11/09/20,            77.07,78,93,4.74
5972762,Hay River,CA,60.82,-115.8,11/09/20,            24.8,73,99,8.05
1640344,Kendari,ID,-3.94,122.5,11/09/20,            74.07,89,100,2.73
1493423,Russkaya Polyana,RU,53.78,73.88,11/09/20,            34.75,86,100,10.49
300796,Miepherkeim,TR,38.14,41.01,11/09/20,            53.6,93,0,2.06
2036713,Huanren,CN,41.26,125.37,11/09/20,            25.74,81,0,0.74
3389822,Salinópolis,BR,-0.61,-47.36,11/09/20,            83.5,72,40,11.68
187968,Malindi,KE,-3.22,40.12,11/09/20,            79.54,85,7,7.78
1622318,Waingapu,ID,-9.66,120.26,11/09/20,            79.68,74,100,3.47
777682,Skjervøy,NO,70.03,20.97,11/09/20,            37.4,64,75,25.28
1177446,Gwadar,PK,25.12,62.33,11/09/20,            76.01,86,0,4.79
3982846,San Jeronimo,MX,29.37,-110.79,11/09/20,            71.35,42,19,1.99
1516589,Zhezkazgan,KZ,47.8,67.71,11/09/20,            39.72,89,100,24.56
3402648,Carutapera,BR,-1.2,-46.02,11/09/20,            79.47,88,100,7.05
286245,Sur,OM,22.57,59.53,11/09/20,            76.08,74,0,1.99
1226260,Trincomalee,LK,8.57,81.23,11/09/20,            79.12,89,100,18.68
2022304,Khorinsk,RU,52.17,109.77,11/09/20,            23.9,94,0,0.47
779622,Havøysund,NO,71,24.66,11/09/20,            34.72,80,75,24.16
2316748,Bolobo,CD,-2.17,16.23,11/09/20,            71.78,96,100,3.83
1503037,Kodinsk,RU,58.69,99.18,11/09/20,            34.34,90,100,7.78
3470137,Belmonte,BR,-15.86,-38.88,11/09/20,            80.6,65,20,16.11
1524243,Georgiyevka,KZ,43.04,74.71,11/09/20,            33.8,86,7,2.24
3649408,Altagracia de Orituco,VE,9.86,-66.38,11/09/20,            81.14,81,60,1.99
3572640,Clarence Town,BS,23.1,-74.98,11/09/20,            81.75,80,24,18.07
3403687,Camocim,BR,-2.9,-40.84,11/09/20,            86.29,60,35,21.12
2175403,Blackwater,AU,-23.58,148.88,11/09/20,            63.36,74,42,9.57
2012532,Zhigalovo,RU,54.81,105.16,11/09/20,            26.55,95,70,2.13
5866583,Saint Paul Harbor,US,57.79,-152.41,11/09/20,            42.8,52,1,3.36
2125693,Evensk,RU,61.95,159.23,11/09/20,            2.7,84,22,11.1
305681,Kumluca,TR,36.37,30.29,11/09/20,            68.27,49,0,6.08
2012646,Zarubino,RU,42.63,131.09,11/09/20,            26.96,86,0,12.71
553766,Kamenka,RU,51.32,42.77,11/09/20,            30.99,84,30,7.2
2450173,Taoudenni,ML,22.68,-3.98,11/09/20,            82.47,15,0,8.43
3892454,Diego de Almagro,CL,-26.37,-70.05,11/09/20,            79.57,20,82,11.12
1624041,Ternate,ID,0.8,127.4,11/09/20,            80.26,78,94,3.04
1072879,Ankazoabo,MG,-22.28,44.52,11/09/20,            76.51,67,8,0.4
1519928,Kostanay,KZ,53.17,63.58,11/09/20,            30.2,80,0,11.18
3372472,Vila Franca do Campo,PT,37.72,-25.43,11/09/20,            64.4,82,40,11.41
1489822,Tegul'det,RU,57.31,88.17,11/09/20,            33.21,95,100,14.92
6185138,Yamachiche,CA,46.27,-72.83,11/09/20,            62.65,52,80,16.11
2180815,Tuatapere,NZ,-46.13,167.68,11/09/20,            48.99,86,18,4
3147102,Lødingen,NO,68.41,16,11/09/20,            37.76,59,75,11.41
50814,Wajid,SO,3.81,43.25,11/09/20,            78.21,67,9,8.79
3466980,Caravelas,BR,-17.71,-39.25,11/09/20,            78.39,73,56,8.16
6316343,Alta Floresta,BR,-9.88,-56.09,11/09/20,            85.57,59,100,2.17
1623197,Tual,ID,-5.67,132.75,11/09/20,            84,75,100,10.67
3408368,Acaraú,BR,-2.89,-40.12,11/09/20,            83.88,66,13,20.2
2507480,Algiers,DZ,36.75,3.04,11/09/20,            66.2,82,40,3.36
1168700,Ormara,PK,25.21,64.64,11/09/20,            77.22,78,0,12.08
1528998,Yumen,CN,40.28,97.2,11/09/20,            28.36,82,0,2.35
3490520,Falmouth,JM,18.49,-77.66,11/09/20,            87.8,62,40,9.17
1253392,Varkala,IN,8.73,76.71,11/09/20,            82.4,78,40,1.12
2734215,Seia,PT,40.42,-7.71,11/09/20,            50.41,93,10,1.45
53654,Mogadishu,SO,2.04,45.34,11/09/20,            80.08,82,0,12.88
1069166,Antsirabe,MG,-19.85,47.03,11/09/20,            58.44,84,96,5.08
155584,Lupiro,TZ,-8.38,36.67,11/09/20,            78.51,66,100,6.44
298316,Urla,TR,38.32,26.76,11/09/20,            60.08,58,0,10.29
3836669,San Rafael,AR,-34.62,-68.33,11/09/20,            83.95,28,45,11.68
1254709,Tezu,IN,27.92,96.17,11/09/20,            66.83,44,0,3.71
556268,Ostrovnoy,RU,68.05,39.51,11/09/20,            35.1,88,96,20.78
2403094,Waterloo,SL,8.34,-13.07,11/09/20,            79,82,0,3.67
3694197,Oyotún,PE,-6.85,-79.3,11/09/20,            73.4,56,0,20.8
3622716,Nicoya,CR,10.15,-85.45,11/09/20,            84.2,74,40,13.87
1273463,Darlawn,IN,24.02,92.9,11/09/20,            58.14,85,0,3.22
2172797,Cairns,AU,-16.92,145.77,11/09/20,            73.56,78,75,10.29
3141332,Røros,NO,62.57,11.38,11/09/20,            30.2,92,100,3.36
3361934,Saldanha,ZA,-33.01,17.94,11/09/20,            55.4,71,0,12.75
2063056,Port Augusta,AU,-32.5,137.77,11/09/20,            67.8,45,15,6.93
108410,Riyadh,SA,24.69,46.72,11/09/20,            77,41,0,4.7
4142683,Glasgow,US,39.6,-75.75,11/09/20,            72.99,56,1,10.29
154635,Matamba,TZ,-8.98,33.97,11/09/20,            59.16,64,0,5.57
5983720,Iqaluit,CA,63.75,-68.51,11/09/20,            6.8,77,75,4.7
2399001,Mayumba,GA,-3.43,10.66,11/09/20,            75.58,86,100,0.38
1337610,Thinadhoo,MV,0.53,72.93,11/09/20,            83.71,72,63,9.89
4220629,St. Marys,US,30.73,-81.55,11/09/20,            78.69,83,90,16.11
1715015,Dicabisagan,PH,17.08,122.42,11/09/20,            77.13,83,52,7.96
6115187,Quesnel,CA,53,-122.5,11/09/20,            26.6,86,90,8.05
2156927,Moree,AU,-29.47,149.85,11/09/20,            60.8,63,75,10.29
2399371,Makokou,GA,0.57,12.86,11/09/20,            70.81,96,100,2.77
2661524,Biasca,CH,46.36,8.97,11/09/20,            47.28,100,0,3.15
509697,Petushki,RU,55.93,39.46,11/09/20,            34.27,89,74,12.26
2150163,Sawtell,AU,-30.38,153.1,11/09/20,            52.34,93,22,5.86
503428,Pyra,RU,56.3,43.35,11/09/20,            32,93,75,13.42
3652758,Puerto Baquerizo Moreno,EC,-0.9,-89.6,11/09/20,            75.2,69,20,6.93
3374218,Santa Maria,CV,16.6,-22.9,11/09/20,            78.8,74,75,18.34
523392,Naryan-Mar,RU,67.67,53.09,11/09/20,            24.55,97,74,5.66
3534915,Trinidad,CU,21.8,-79.98,11/09/20,            84.2,74,40,8.05
4120323,Magnolia,US,33.27,-93.24,11/09/20,            78.53,57,75,9.17
1274020,Chodavaram,IN,17.83,82.95,11/09/20,            71.6,88,0,2.24
2012530,Zhigansk,RU,66.77,123.37,11/09/20,            -9.35,87,100,22.91
2428228,Massakory,TD,13,15.73,11/09/20,            79.86,21,9,9.78
2454268,Koutiala,ML,12.39,-5.46,11/09/20,            81.48,16,1,5.93
3576994,Cockburn Town,TC,21.46,-71.14,11/09/20,            82.4,78,40,14.99
508068,Podosinovets,RU,60.28,47.07,11/09/20,            30.24,98,100,9.62
1490256,Talnakh,RU,69.49,88.4,11/09/20,            12.2,92,40,8.95
506232,Porosozero,RU,62.72,32.73,11/09/20,            32.34,93,55,10.51
3167520,Santa Marinella,IT,42.03,11.85,11/09/20,            62.01,88,56,4
6078372,Moose Factory,CA,51.26,-80.61,11/09/20,            66.16,68,1,16.11
360630,Cairo,EG,30.06,31.25,11/09/20,            68,68,87,10.29
5055787,Kirksville,US,40.19,-92.58,11/09/20,            74.16,60,75,19.46
2132606,Samarai,PG,-10.62,150.67,11/09/20,            79.84,83,100,13.85
3470709,Barra do Garças,BR,-15.89,-52.26,11/09/20,            93.2,46,75,6.93
2108502,Honiara,SB,-9.43,159.95,11/09/20,            77,94,75,3.36
1141857,Gardez,AF,33.6,69.23,11/09/20,            36.27,57,49,0.22
481548,Troitsko-Pechorsk,RU,62.71,56.2,11/09/20,            24.06,98,96,4.23
86049,Jalu,LY,29.03,21.55,11/09/20,            63,65,0,8.72
1282027,Malé,MV,4.17,73.51,11/09/20,            82.4,83,75,5.82
2137773,Vao,NC,-22.67,167.48,11/09/20,            70.09,73,55,17.4
1648082,Boyolangu,ID,-8.12,111.89,11/09/20,            75.99,87,100,3.09
5983607,Inuvik,CA,68.35,-133.72,11/09/20,            -3.12,83,100,11.41
1525376,Bestöbe,KZ,52.5,73.1,11/09/20,            35.85,85,100,5.77
